rescue_rate,delta_cancel_reduction,ci95_l,ci95_u,p_value,net_gmv,guardrail_vtat_diff
0.05,0.015010078111959868,-0.00242154414147629,0.03244170036539602,0.09146437825237963,45789.21756989247,0.011924167217552295
0.06,0.018685873002604936,0.001282334415273232,0.03608941158993664,0.035342044599808276,55852.781870967745,0.011924167217552295
0.07,0.023280616615911354,0.005913018880594832,0.040648214351227875,0.008606368507482642,68432.23724731183,0.011924167217552295
0.08,0.025118514061233888,0.007765554021849516,0.04247147410061826,0.004552366941651842,73464.01939784946,0.011924167217552295
