feature,vif
avg_vtat_w,1.0000139163524764
hour_of_day,1.000015218102569
dow,1.000006568551989
