vtat_bin,odds_ratio
"[2, 4)",1.0
"[4, 6)",2.237200206242623
"[6, 8)",2.6096134619389804
"[8, 10)",2.5260179457504766
"[10, 15)",1.329228338442569
"[15, 30)",53.8470513710805
