n,treated_n,control_n,raw_diff,att_psm,smd_before_abs_mean,smd_after_abs_mean,segment
130497,43495,87002,0.08121765161974903,0.056489251638119325,0.004113548124750854,0.002740602043603648,overall
33523,11201,22322,0.0778966746068478,0.07508258191232926,0.009858441973199303,0.010140325876256654,high_freq
96969,32291,64678,0.0823284021466601,0.059366386918955745,0.001951090545646257,0.008591825864845094,low_freq
