vtat_bin,n,cancel_rate
"[0, 2)",0,
"[2, 4)",16602,0.17094325984821107
"[4, 6)",21011,0.314835086383323
"[6, 8)",21767,0.3433178664951532
"[8, 10)",21729,0.3396842928804823
"[10, 15)",45463,0.21146866682797
"[15, 30)",3928,0.9111507128309573
